{"f1_score": 0.7646721153828999, "log_loss": 0.42470907488731374, "precision": 0.48132780082987553, "recall": 0.06624785836664764, "roc_auc_score": 0.7094960682287502}