{"f1_score": 0.7656275386933212, "log_loss": 0.43013002901441577, "precision": 0.4574468085106383, "recall": 0.07367218732153055, "roc_auc_score": 0.706223394227596}